Workbook
Name ff_factors: ff_factors!$A$1:$G$1041
Name ff_factors_desc: ff_factors_desc!$A$1:$B$8
Name ff_portfolios25: ff_portfolios25!$A$1:$AB$1041
Name ff_portfolios25_desc: ff_portfolios25_desc!$A$1:$B$29

Sheet CAPM
A1: date | B1: year | C1: month | D1: s1b1_vwret | E1: s1b2_vwret | F1: s1b3_vwret | G1: s1b4_vwret | H1: s1b5_vwret | I1: s2b1_vwret | J1: s2b2_vwret | K1: s2b3_vwret | L1: s2b4_vwret | M1: s2b5_vwret | N1: s3b1_vwret | O1: s3b2_vwret | P1: s3b3_vwret | Q1: s3b4_vwret | R1: s3b5_vwret | S1: s4b1_vwret | T1: s4b2_vwret | U1: s4b3_vwret | V1: s4b4_vwret | W1: s4b5_vwret | X1: s5b1_vwret | Y1: s5b2_vwret | Z1: s5b3_vwret | AA1: s5b4_vwret | AB1: s5b5_vwret
A2: 19320130 | B2: 1932 | C2: 1 | D2: =ff_portfolios25!D2-ff_factors!$E2 -> 0.053227 | E2: =ff_portfolios25!E2-ff_factors!$E2 -> -0.062207 | F2: =ff_portfolios25!F2-ff_factors!$E2 -> 0.080763 | G2: =ff_portfolios25!G2-ff_factors!$E2 -> 0.145728 | H2: =ff_portfolios25!H2-ff_factors!$E2 -> 0.058729 | I2: =ff_portfolios25!I2-ff_factors!$E2 -> -0.005344 | J2: =ff_portfolios25!J2-ff_factors!$E2 -> -0.015782 | K2: =ff_portfolios25!K2-ff_factors!$E2 -> 0.052495 | ... AB2: =ff_portfolios25!AB2-ff_factors!$E2 -> 0.076647
A3: 19320229 | B3: 1932 | C3: 2 | D3: =ff_portfolios25!D3-ff_factors!$E3 -> -0.130196 | E3: =ff_portfolios25!E3-ff_factors!$E3 -> -0.002454 | F3: =ff_portfolios25!F3-ff_factors!$E3 -> 0.05651 | G3: =ff_portfolios25!G3-ff_factors!$E3 -> -0.025534 | H3: =ff_portfolios25!H3-ff_factors!$E3 -> 0.033427 | I3: =ff_portfolios25!I3-ff_factors!$E3 -> -0.056419 | J3: =ff_portfolios25!J3-ff_factors!$E3 -> 0.030608 | K3: =ff_portfolios25!K3-ff_factors!$E3 -> -0.025521 | ... AB3: =ff_portfolios25!AB3-ff_factors!$E3 -> 0.144041
A4: 19320331 | B4: 1932 | C4: 3 | D4: =ff_portfolios25!D4-ff_factors!$E4 -> -0.231816 | E4: =ff_portfolios25!E4-ff_factors!$E4 -> -0.040656 | F4: =ff_portfolios25!F4-ff_factors!$E4 -> -0.034085 | G4: =ff_portfolios25!G4-ff_factors!$E4 -> -0.104504 | H4: =ff_portfolios25!H4-ff_factors!$E4 -> -0.1257 | I4: =ff_portfolios25!I4-ff_factors!$E4 -> -0.050522 | J4: =ff_portfolios25!J4-ff_factors!$E4 -> -0.142955 | K4: =ff_portfolios25!K4-ff_factors!$E4 -> -0.115793 | ... AB4: =ff_portfolios25!AB4-ff_factors!$E4 -> 0.019677
A5: 19320430 | B5: 1932 | C5: 4 | D5: =ff_portfolios25!D5-ff_factors!$E5 -> -0.40872 | E5: =ff_portfolios25!E5-ff_factors!$E5 -> -0.169393 | F5: =ff_portfolios25!F5-ff_factors!$E5 -> -0.259259 | G5: =ff_portfolios25!G5-ff_factors!$E5 -> -0.201286 | H5: =ff_portfolios25!H5-ff_factors!$E5 -> -0.179849 | I5: =ff_portfolios25!I5-ff_factors!$E5 -> -0.200293 | J5: =ff_portfolios25!J5-ff_factors!$E5 -> -0.082514 | K5: =ff_portfolios25!K5-ff_factors!$E5 -> -0.14515 | ... AB5: =ff_portfolios25!AB5-ff_factors!$E5 -> -0.230267
A6: 19320531 | B6: 1932 | C6: 5 | D6: =ff_portfolios25!D6-ff_factors!$E6 -> -0.129241 | E6: =ff_portfolios25!E6-ff_factors!$E6 -> -0.352972 | F6: =ff_portfolios25!F6-ff_factors!$E6 -> -0.059522 | G6: =ff_portfolios25!G6-ff_factors!$E6 -> -0.09238 | H6: =ff_portfolios25!H6-ff_factors!$E6 -> -0.088517 | I6: =ff_portfolios25!I6-ff_factors!$E6 -> -0.120478 | J6: =ff_portfolios25!J6-ff_factors!$E6 -> -0.218101 | K6: =ff_portfolios25!K6-ff_factors!$E6 -> -0.220995 | ... AB6: =ff_portfolios25!AB6-ff_factors!$E6 -> -0.108708
A7: 19320630 | B7: 1932 | C7: 6 | D7: =ff_portfolios25!D7-ff_factors!$E7 -> 0.357739 | E7: =ff_portfolios25!E7-ff_factors!$E7 -> -0.170148 | F7: =ff_portfolios25!F7-ff_factors!$E7 -> 0.052818 | G7: =ff_portfolios25!G7-ff_factors!$E7 -> -0.055645 | H7: =ff_portfolios25!H7-ff_factors!$E7 -> -0.036825 | I7: =ff_portfolios25!I7-ff_factors!$E7 -> -0.086364 | J7: =ff_portfolios25!J7-ff_factors!$E7 -> -0.048137 | K7: =ff_portfolios25!K7-ff_factors!$E7 -> -0.051664 | ... AB7: =ff_portfolios25!AB7-ff_factors!$E7 -> 0.211921
A8: 19320730 | B8: 1932 | C8: 7 | D8: =ff_portfolios25!D8-ff_factors!$E8 -> 1.4747 | E8: =ff_portfolios25!E8-ff_factors!$E8 -> 0.142931 | F8: =ff_portfolios25!F8-ff_factors!$E8 -> 0.41697 | G8: =ff_portfolios25!G8-ff_factors!$E8 -> 0.382566 | H8: =ff_portfolios25!H8-ff_factors!$E8 -> 0.547495 | I8: =ff_portfolios25!I8-ff_factors!$E8 -> 0.375474 | J8: =ff_portfolios25!J8-ff_factors!$E8 -> 0.276358 | K8: =ff_portfolios25!K8-ff_factors!$E8 -> 0.415367 | ... AB8: =ff_portfolios25!AB8-ff_factors!$E8 -> 0.980092
A9: 19320831 | B9: 1932 | C9: 8 | D9: =ff_portfolios25!D9-ff_factors!$E9 -> 0.49465 | E9: =ff_portfolios25!E9-ff_factors!$E9 -> 0.945941 | F9: =ff_portfolios25!F9-ff_factors!$E9 -> 0.828525 | G9: =ff_portfolios25!G9-ff_factors!$E9 -> 0.838094 | H9: =ff_portfolios25!H9-ff_factors!$E9 -> 1.003473 | I9: =ff_portfolios25!I9-ff_factors!$E9 -> 0.343549 | J9: =ff_portfolios25!J9-ff_factors!$E9 -> 0.669866 | K9: =ff_portfolios25!K9-ff_factors!$E9 -> 0.564147 | ... AB9: =ff_portfolios25!AB9-ff_factors!$E9 -> 0.653165
A10: 19320930 | B10: 1932 | C10: 9 | D10: =ff_portfolios25!D10-ff_factors!$E10 -> -0.27057 | E10: =ff_portfolios25!E10-ff_factors!$E10 -> -0.110903 | F10: =ff_portfolios25!F10-ff_factors!$E10 -> -0.163493 | G10: =ff_portfolios25!G10-ff_factors!$E10 -> -0.045848 | H10: =ff_portfolios25!H10-ff_factors!$E10 -> -0.171656 | I10: =ff_portfolios25!I10-ff_factors!$E10 -> -0.007474 | J10: =ff_portfolios25!J10-ff_factors!$E10 -> -0.063992 | K10: =ff_portfolios25!K10-ff_factors!$E10 -> -0.055214 | ... AB10: =ff_portfolios25!AB10-ff_factors!$E10 -> 0.155389
A11: 19321031 | B11: 1932 | C11: 10 | D11: =ff_portfolios25!D11-ff_factors!$E11 -> -0.092793 | E11: =ff_portfolios25!E11-ff_factors!$E11 -> -0.131979 | F11: =ff_portfolios25!F11-ff_factors!$E11 -> -0.264545 | G11: =ff_portfolios25!G11-ff_factors!$E11 -> -0.20381 | H11: =ff_portfolios25!H11-ff_factors!$E11 -> -0.198115 | I11: =ff_portfolios25!I11-ff_factors!$E11 -> -0.124639 | J11: =ff_portfolios25!J11-ff_factors!$E11 -> -0.220008 | K11: =ff_portfolios25!K11-ff_factors!$E11 -> -0.173473 | ... AB11: =ff_portfolios25!AB11-ff_factors!$E11 -> -0.300718
A12: 19321130 | B12: 1932 | C12: 11 | D12: =ff_portfolios25!D12-ff_factors!$E12 -> -0.265506 | E12: =ff_portfolios25!E12-ff_factors!$E12 -> -0.133158 | F12: =ff_portfolios25!F12-ff_factors!$E12 -> -0.083068 | G12: =ff_portfolios25!G12-ff_factors!$E12 -> -0.108134 | H12: =ff_portfolios25!H12-ff_factors!$E12 -> -0.07332 | I12: =ff_portfolios25!I12-ff_factors!$E12 -> -0.039927 | J12: =ff_portfolios25!J12-ff_factors!$E12 -> -0.075973 | K12: =ff_portfolios25!K12-ff_factors!$E12 -> -0.085218 | ... AB12: =ff_portfolios25!AB12-ff_factors!$E12 -> -0.311311
A13: 19321231 | B13: 1932 | C13: 12 | D13: =ff_portfolios25!D13-ff_factors!$E13 -> 0.069344 | E13: =ff_portfolios25!E13-ff_factors!$E13 -> -0.118995 | F13: =ff_portfolios25!F13-ff_factors!$E13 -> -0.025748 | G13: =ff_portfolios25!G13-ff_factors!$E13 -> -0.126154 | H13: =ff_portfolios25!H13-ff_factors!$E13 -> -0.163039 | I13: =ff_portfolios25!I13-ff_factors!$E13 -> -0.187411 | J13: =ff_portfolios25!J13-ff_factors!$E13 -> -0.162921 | K13: =ff_portfolios25!K13-ff_factors!$E13 -> -0.027639 | ... AB13: =ff_portfolios25!AB13-ff_factors!$E13 -> 0.150438
... A1039: 20180629 | B1039: 2018 | C1039: 6 | D1039: =ff_portfolios25!D1039-ff_factors!$E1039 -> 0.036458 | E1039: =ff_portfolios25!E1039-ff_factors!$E1039 -> 0.031544 | F1039: =ff_portfolios25!F1039-ff_factors!$E1039 -> 0.000326 | G1039: =ff_portfolios25!G1039-ff_factors!$E1039 -> 0.011658 | H1039: =ff_portfolios25!H1039-ff_factors!$E1039 -> 0.015692 | I1039: =ff_portfolios25!I1039-ff_factors!$E1039 -> 0.00755 | J1039: =ff_portfolios25!J1039-ff_factors!$E1039 -> 0.045015 | K1039: =ff_portfolios25!K1039-ff_factors!$E1039 -> -0.001911 | ... AB1039: =ff_portfolios25!AB1039-ff_factors!$E1039 -> -0.025358
B1040: 2018 | C1040: 7 | D1040: =ff_portfolios25!D1040-ff_factors!$E1040 -> -0.009189 | E1040: =ff_portfolios25!E1040-ff_factors!$E1040 -> -0.012285 | F1040: =ff_portfolios25!F1040-ff_factors!$E1040 -> 0.009787 | G1040: =ff_portfolios25!G1040-ff_factors!$E1040 -> -0.005142 | H1040: =ff_portfolios25!H1040-ff_factors!$E1040 -> 0.000759 | I1040: =ff_portfolios25!I1040-ff_factors!$E1040 -> 0.010234 | J1040: =ff_portfolios25!J1040-ff_factors!$E1040 -> 0.040764 | K1040: =ff_portfolios25!K1040-ff_factors!$E1040 -> 0.03278 | ... AB1040: =ff_portfolios25!AB1040-ff_factors!$E1040 -> 0.050306
B1041: 2018 | C1041: 8 | D1041: =ff_portfolios25!D1041-ff_factors!$E1041 -> 0.041889 | E1041: =ff_portfolios25!E1041-ff_factors!$E1041 -> 0.080451 | F1041: =ff_portfolios25!F1041-ff_factors!$E1041 -> 0.026437 | G1041: =ff_portfolios25!G1041-ff_factors!$E1041 -> 0.015722 | H1041: =ff_portfolios25!H1041-ff_factors!$E1041 -> 0.027806 | I1041: =ff_portfolios25!I1041-ff_factors!$E1041 -> 0.072693 | J1041: =ff_portfolios25!J1041-ff_factors!$E1041 -> 0.047828 | K1041: =ff_portfolios25!K1041-ff_factors!$E1041 -> 0.036127 | ... AB1041: =ff_portfolios25!AB1041-ff_factors!$E1041 -> 0.010027
A1043: beta
A1044: alpha (monthly)
A1045: alpha (annual %)

Sheet Hoja4
A1: portofolio | B1: s1b1_vwret | C1: s1b2_vwret | D1: s1b3_vwret | E1: s1b4_vwret | F1: s1b5_vwret | G1: s2b1_vwret | H1: s2b2_vwret | I1: s2b3_vwret | J1: s2b4_vwret | K1: s2b5_vwret | L1: s3b1_vwret | M1: s3b2_vwret | N1: s3b3_vwret | O1: s3b4_vwret | P1: s3b5_vwret | Q1: s4b1_vwret | R1: s4b2_vwret | S1: s4b3_vwret | T1: s4b4_vwret | U1: s4b5_vwret | V1: s5b1_vwret | W1: s5b2_vwret | X1: s5b3_vwret | Y1: s5b4_vwret | Z1: s5b5_vwret
A2: beta | B2: =SLOPE(CAPM!D2:D1041, ff_factors!$D$2:$D$1041) -> 1.6460395 | C2: =SLOPE(CAPM!E2:E1041, ff_factors!$D$2:$D$1041) -> 1.443467 | D2: =SLOPE(CAPM!F2:F1041, ff_factors!$D$2:$D$1041) -> 1.3953046 | E2: =SLOPE(CAPM!G2:G1041, ff_factors!$D$2:$D$1041) -> 1.2713463 | F2: =SLOPE(CAPM!H2:H1041, ff_factors!$D$2:$D$1041) -> 1.3925208 | G2: =SLOPE(CAPM!I2:I1041, ff_factors!$D$2:$D$1041) -> 1.3068638 | H2: =SLOPE(CAPM!J2:J1041, ff_factors!$D$2:$D$1041) -> 1.2626305 | I2: =SLOPE(CAPM!K2:K1041, ff_factors!$D$2:$D$1041) -> 1.2272337 | ... Z2: =SLOPE(CAPM!AB2:AB1041, ff_factors!$D$2:$D$1041) -> 1.2750059
A3: alpha (monthly) | B3: =INTERCEPT(CAPM!D2:D1041, ff_factors!$D$2:$D$1041) -> -0.0040646815 | C3: =INTERCEPT(CAPM!E2:E1041, ff_factors!$D$2:$D$1041) -> -0.001352769 | D3: =INTERCEPT(CAPM!F2:F1041, ff_factors!$D$2:$D$1041) -> 0.0015992943 | E3: =INTERCEPT(CAPM!G2:G1041, ff_factors!$D$2:$D$1041) -> 0.0042814506 | F3: =INTERCEPT(CAPM!H2:H1041, ff_factors!$D$2:$D$1041) -> 0.0049252466 | G3: =INTERCEPT(CAPM!I2:I1041, ff_factors!$D$2:$D$1041) -> -0.0016504576 | H3: =INTERCEPT(CAPM!J2:J1041, ff_factors!$D$2:$D$1041) -> 0.0014219812 | I3: =INTERCEPT(CAPM!K2:K1041, ff_factors!$D$2:$D$1041) -> 0.0021496615 | ... Z3: =INTERCEPT(CAPM!AB2:AB1041, ff_factors!$D$2:$D$1041) -> 0.0013147649
A4: alpha (annual %) | B4: =B3*12*100 -> -4.8776178 | C4: =C3*12*100 -> -1.6233228 | D4: =D3*12*100 -> 1.9191532 | E4: =E3*12*100 -> 5.1377407 | F4: =F3*12*100 -> 5.910296 | G4: =G3*12*100 -> -1.9805491 | H4: =H3*12*100 -> 1.7063775 | I4: =I3*12*100 -> 2.5795939 | ... Z4: =Z3*12*100 -> 1.5777179
A5: average er | B5: =AVERAGE(CAPM!D2:D1041)*12*100 -> 9.7517481 | C5: =AVERAGE(CAPM!E2:E1041)*12*100 -> 11.205657 | D5: =AVERAGE(CAPM!F2:F1041)*12*100 -> 14.320083 | E5: =AVERAGE(CAPM!G2:G1041)*12*100 -> 16.436978 | F5: =AVERAGE(CAPM!H2:H1041)*12*100 -> 18.286485 | G5: =AVERAGE(CAPM!I2:I1041)*12*100 -> 9.6343535 | H5: =AVERAGE(CAPM!J2:J1041)*12*100 -> 12.928152 | I5: =AVERAGE(CAPM!K2:K1041)*12*100 -> 13.486775 | ... Z5: =AVERAGE(CAPM!AB2:AB1041)*12*100 -> 12.90948
B6: =(B5-B4)/B2 -> 8.8876154 | C6: =(C5-C4)/C2 -> 8.8876154 | D6: =(D5-D4)/D2 -> 8.8876154 | E6: =(E5-E4)/E2 -> 8.8876154 | F6: =(F5-F4)/F2 -> 8.8876154 | G6: =(G5-G4)/G2 -> 8.8876154 | H6: =(H5-H4)/H2 -> 8.8876154 | I6: =(I5-I4)/I2 -> 8.8876154 | ... R6: =(R5-R4)/R2 -> 8.8876154
A11: avg mktrf (annual %) | B11: =AVERAGE(ff_factors!D2:D1041)*12*100 -> 8.8876154
A12: CAPM predicted (annual %) | B12: =B2*$B$11 -> 14.629366 | C12: =C2*$B$11 -> 12.828979 | D12: =D2*$B$11 -> 12.40093 | E12: =E2*$B$11 -> 11.299237 | F12: =F2*$B$11 -> 12.376189 | G12: =G2*$B$11 -> 11.614903 | H12: =H2*$B$11 -> 11.221774 | I12: =I2*$B$11 -> 10.907181 | ... Z12: =Z2*$B$11 -> 11.331762

Sheet Hoja5
B1: s1b1_vwret | C1: s1b2_vwret | D1: s1b3_vwret | E1: s1b4_vwret | F1: s1b5_vwret | G1: s2b1_vwret | H1: s2b2_vwret | I1: s2b3_vwret | J1: s2b4_vwret | K1: s2b5_vwret | L1: s3b1_vwret | M1: s3b2_vwret | N1: s3b3_vwret | O1: s3b4_vwret | P1: s3b5_vwret | Q1: s4b1_vwret | R1: s4b2_vwret | S1: s4b3_vwret | T1: s4b4_vwret | U1: s4b5_vwret | V1: s5b1_vwret | W1: s5b2_vwret | X1: s5b3_vwret | Y1: s5b4_vwret | Z1: s5b5_vwret
A2: Average excess returns | B2: 9.7517481 | C2: 11.205657 | D2: 14.320083 | E2: 16.436978 | F2: 18.286485 | G2: 9.6343535 | H2: 12.928152 | I2: 13.486775 | J2: 14.878042 | K2: 16.573154 | L2: 10.219973 | M2: 12.236506 | N2: 12.321262 | O2: 13.917854 | P2: 15.424035 | Q2: 9.7584277 | R2: 10.370189 | S2: 11.931773 | T2: 13.179737 | U2: 13.884621 | V2: 8.2551808 | W2: 8.2911519 | X2: 9.9270681 | Y2: 9.3598685 | Z2: 12.90948
A3: CAPM predicted (annual %) | B3: 14.629366 | C3: 12.828979 | D3: 12.40093 | E3: 11.299237 | F3: 12.376189 | G3: 11.614903 | H3: 11.221774 | I3: 10.907181 | J3: 10.992071 | K3: 12.39764 | L3: 11.39255 | M3: 10.039791 | N3: 10.19774 | O3: 10.463148 | P3: 12.307462 | Q3: 9.6888727 | R3: 9.6931037 | S3: 10.076331 | T3: 10.279265 | U3: 12.713485 | V3: 8.4161442 | W3: 8.3977474 | X3: 8.5403488 | Y3: 9.8755224 | Z3: 11.331762
C9: =MIN(B2:Z3) -> 8.2551808
C10: =MAX(B2:Z3) -> 18.286485

Sheet ff_factors
A1: date | B1: year | C1: month | D1: mktrf | E1: rf | F1: smb | G1: hml
A2: 19320130 | B2: 1932 | C2: 1 | D2: -0.0158 | E2: 0.0023 | F2: 0.0394 | G2: 0.0904
A3: 19320229 | B3: 1932 | C3: 2 | D3: 0.0546 | E3: 0.0023 | F3: -0.0277 | G3: -0.0145
A4: 19320331 | B4: 1932 | C4: 3 | D4: -0.1121 | E4: 0.0016 | F4: 0.0227 | G4: -0.0232
A5: 19320430 | B5: 1932 | C5: 4 | D5: -0.1796 | E5: 0.0011 | F5: 0.0144 | G5: 0.0142
A6: 19320531 | B6: 1932 | C6: 5 | D6: -0.2051 | E6: 0.0006 | F6: 0.0372 | G6: -0.0328
A7: 19320630 | B7: 1932 | C7: 6 | D7: -0.007 | E7: 0.0002 | F7: 0.0035 | G7: 0.0532
A8: 19320730 | B8: 1932 | C8: 7 | D8: 0.3384 | E8: 0.0003 | F8: -0.0444 | G8: 0.3546
A9: 19320831 | B9: 1932 | C9: 8 | D9: 0.3706 | E9: 0.0003 | F9: 0.1429 | G9: 0.3303
A10: 19320930 | B10: 1932 | C10: 9 | D10: -0.0294 | E10: 0.0003 | F10: -0.0243 | G10: -0.0682
A11: 19321031 | B11: 1932 | C11: 10 | D11: -0.1317 | E11: 0.0002 | F11: -0.0276 | G11: -0.1004
A12: 19321130 | B12: 1932 | C12: 11 | D12: -0.0588 | E12: 0.0002 | F12: 0.0208 | G12: -0.1328
A13: 19321231 | B13: 1932 | C13: 12 | D13: 0.044 | E13: 0.0001 | F13: -0.0827 | G13: -0.0817
... A1041: 20180831 | B1041: 2018 | C1041: 8 | D1041: 0.0344 | E1041: 0.0016 | F1041: 0.0123 | G1041: -0.0412

Sheet ff_portfolios25
A1: date | B1: year | C1: month | D1: s1b1_vwret | E1: s1b2_vwret | F1: s1b3_vwret | G1: s1b4_vwret | H1: s1b5_vwret | I1: s2b1_vwret | J1: s2b2_vwret | K1: s2b3_vwret | L1: s2b4_vwret | M1: s2b5_vwret | N1: s3b1_vwret | O1: s3b2_vwret | P1: s3b3_vwret | Q1: s3b4_vwret | R1: s3b5_vwret | S1: s4b1_vwret | T1: s4b2_vwret | U1: s4b3_vwret | V1: s4b4_vwret | W1: s4b5_vwret | X1: s5b1_vwret | Y1: s5b2_vwret | Z1: s5b3_vwret | AA1: s5b4_vwret | AB1: s5b5_vwret
A2: 19320130 | B2: 1932 | C2: 1 | D2: 0.055527 | E2: -0.059907 | F2: 0.083063 | G2: 0.148028 | H2: 0.061029 | I2: -0.003044 | J2: -0.013482 | K2: 0.054795 | L2: 0.143969 | M2: 0.183762 | N2: 0.011941 | O2: 0.037308 | P2: 0.027428 | Q2: -0.016891 | R2: 0.05514 | S2: -0.035957 | T2: -0.003956 | U2: -0.005579 | V2: 0.038507 | W2: 0.019409 | X2: -0.036929 | Y2: -0.017499 | Z2: 0.033213 | AA2: 0.109191 | AB2: 0.078947
A3: 19320229 | B3: 1932 | C3: 2 | D3: -0.127896 | E3: -0.000154 | F3: 0.05881 | G3: -0.023234 | H3: 0.035727 | I3: -0.054119 | J3: 0.032908 | K3: -0.023221 | L3: -0.045816 | M3: -0.011353 | N3: 0.004535 | O3: 0.032113 | P3: 0.023879 | Q3: 0.002285 | R3: -0.014858 | S3: 0.034293 | T3: 0.052088 | U3: -0.013997 | V3: 0.012611 | W3: 0.037601 | X3: 0.072592 | Y3: 0.0566 | Z3: 0.032597 | AA3: -0.03317 | AB3: 0.146341
A4: 19320331 | B4: 1932 | C4: 3 | D4: -0.230216 | E4: -0.039056 | F4: -0.032485 | G4: -0.102904 | H4: -0.1241 | I4: -0.048922 | J4: -0.141355 | K4: -0.114193 | L4: -0.043036 | M4: -0.132422 | N4: -0.086836 | O4: -0.144244 | P4: -0.11553 | Q4: -0.133842 | R4: -0.109956 | S4: -0.106974 | T4: -0.109531 | U4: -0.113353 | V4: -0.123945 | W4: -0.101478 | X4: -0.10971 | Y4: -0.102975 | Z4: -0.143073 | AA4: -0.232023 | AB4: 0.021277
A5: 19320430 | B5: 1932 | C5: 4 | D5: -0.40762 | E5: -0.168293 | F5: -0.258159 | G5: -0.200186 | H5: -0.178749 | I5: -0.199193 | J5: -0.081414 | K5: -0.14405 | L5: -0.17453 | M5: -0.143736 | N5: -0.179453 | O5: -0.135659 | P5: -0.150516 | Q5: -0.163965 | R5: -0.223498 | S5: -0.151155 | T5: -0.156276 | U5: -0.174525 | V5: -0.142341 | W5: -0.152035 | X5: -0.181767 | Y5: -0.205995 | Z5: -0.193341 | AA5: -0.221641 | AB5: -0.229167
A6: 19320531 | B6: 1932 | C6: 5 | D6: -0.128641 | E6: -0.352372 | F6: -0.058922 | G6: -0.09178 | H6: -0.087917 | I6: -0.119878 | J6: -0.217501 | K6: -0.220395 | L6: -0.18846 | M6: -0.204772 | N6: -0.237773 | O6: -0.235621 | P6: -0.269984 | Q6: -0.240855 | R6: -0.264443 | S6: -0.209668 | T6: -0.201651 | U6: -0.181172 | V6: -0.18579 | W6: -0.279405 | X6: -0.204176 | Y6: -0.168192 | Z6: -0.314962 | AA6: -0.367136 | AB6: -0.108108
A7: 19320630 | B7: 1932 | C7: 6 | D7: 0.357939 | E7: -0.169948 | F7: 0.053018 | G7: -0.055445 | H7: -0.036625 | I7: -0.086164 | J7: -0.047937 | K7: -0.051464 | L7: 0.124391 | M7: 0.065301 | N7: 0.063959 | O7: 0.045848 | P7: 0.072774 | Q7: 0.052316 | R7: 0.009372 | S7: 0.017482 | T7: 0.034205 | U7: -0.047307 | V7: 0.093777 | W7: 0.004792 | X7: -0.031255 | Y7: -0.003215 | Z7: 0.050904 | AA7: 0.091629 | AB7: 0.212121
A8: 19320730 | B8: 1932 | C8: 7 | D8: 1.475 | E8: 0.143231 | F8: 0.41727 | G8: 0.382866 | H8: 0.547795 | I8: 0.375774 | J8: 0.276658 | K8: 0.415667 | L8: 0.525747 | M8: 0.695152 | N8: 0.274769 | O8: 0.303893 | P8: 0.396205 | Q8: 0.543405 | R8: 0.687211 | S8: 0.307562 | T8: 0.313337 | U8: 0.400477 | V8: 0.688873 | W8: 0.800358 | X8: 0.265359 | Y8: 0.372059 | Z8: 0.502559 | AA8: 0.56967 | AB8: 0.980392
A9: 19320831 | B9: 1932 | C9: 8 | D9: 0.49495 | E9: 0.946241 | F9: 0.828825 | G9: 0.838394 | H9: 1.003773 | I9: 0.343849 | J9: 0.670166 | K9: 0.564447 | L9: 0.59402 | M9: 0.899724 | N9: 0.546595 | O9: 0.397036 | P9: 0.468716 | Q9: 0.694053 | R9: 0.743792 | S9: 0.292301 | T9: 0.437066 | U9: 0.658778 | V9: 0.635623 | W9: 0.86604 | X9: 0.309221 | Y9: 0.351841 | Z9: 0.474496 | AA9: 0.520435 | AB9: 0.653465
A10: 19320930 | B10: 1932 | C10: 9 | D10: -0.27027 | E10: -0.110603 | F10: -0.163193 | G10: -0.045548 | H10: -0.171356 | I10: -0.007174 | J10: -0.063692 | K10: -0.054914 | L10: -0.082333 | M10: -0.125966 | N10: -0.052401 | O10: -0.078092 | P10: -0.027272 | Q10: -0.118534 | R10: -0.094062 | S10: 0.006576 | T10: -0.04429 | U10: -0.084416 | V10: -0.069258 | W10: -0.089044 | X10: 0.005101 | Y10: -0.064866 | Z10: -0.084468 | AA10: -0.028222 | AB10: 0.155689
A11: 19321031 | B11: 1932 | C11: 10 | D11: -0.092593 | E11: -0.131779 | F11: -0.264345 | G11: -0.20361 | H11: -0.197915 | I11: -0.124439 | J11: -0.219808 | K11: -0.173273 | L11: -0.244888 | M11: -0.225008 | N11: -0.147872 | O11: -0.158912 | P11: -0.213712 | Q11: -0.23626 | R11: -0.256989 | S11: -0.110973 | T11: -0.178682 | U11: -0.192088 | V11: -0.203455 | W11: -0.256917 | X11: -0.113331 | Y11: -0.09799 | Z11: -0.153346 | AA11: -0.193893 | AB11: -0.300518
A12: 19321130 | B12: 1932 | C12: 11 | D12: -0.265306 | E12: -0.132958 | F12: -0.082868 | G12: -0.107934 | H12: -0.07312 | I12: -0.039727 | J12: -0.075773 | K12: -0.085018 | L12: -0.079145 | M12: -0.17438 | N12: -0.037696 | O12: -0.011263 | P12: -0.086184 | Q12: -0.111244 | R12: -0.151052 | S12: 0.02504 | T12: -0.050822 | U12: -0.092356 | V12: -0.153017 | W12: -0.19983 | X12: -0.032596 | Y12: -0.018593 | Z12: -0.103618 | AA12: -0.084886 | AB12: -0.311111
A13: 19321231 | B13: 1932 | C13: 12 | D13: 0.069444 | E13: -0.118895 | F13: -0.025648 | G13: -0.126054 | H13: -0.162939 | I13: -0.187311 | J13: -0.162821 | K13: -0.027539 | L13: -0.117536 | M13: -0.075907 | N13: -0.022114 | O13: 0.03172 | P13: 0.011864 | Q13: -0.047687 | R13: -0.066153 | S13: 0.04002 | T13: 0.001585 | U13: 0.012677 | V13: 0.005351 | W13: -0.099337 | X13: 0.072393 | Y13: 0.073672 | Z13: 0.015565 | AA13: -0.075497 | AB13: 0.150538
... A1039: 20180629 | B1039: 2018 | C1039: 6 | D1039: 0.037858 | E1039: 0.032944 | F1039: 0.001726 | G1039: 0.013058 | H1039: 0.017092 | I1039: 0.00895 | J1039: 0.046415 | K1039: -0.000511 | L1039: -0.007732 | M1039: 0.008554 | N1039: -0.003407 | O1039: 0.011613 | P1039: -0.000322 | Q1039: 0.001449 | R1039: -0.015382 | S1039: 0.013638 | T1039: 0.020478 | U1039: -0.006733 | V1039: -0.010228 | W1039: -0.003254 | X1039: 0.010403 | Y1039: 0.011004 | Z1039: 0.000272 | AA1039: 0.003931 | AB1039: -0.023958
B1040: 2018 | C1040: 7 | D1040: -0.007589 | E1040: -0.010685 | F1040: 0.011387 | G1040: -0.003542 | H1040: 0.002359 | I1040: 0.011834 | J1040: 0.042364 | K1040: 0.03438 | L1040: 0.00731 | M1040: 0.028082 | N1040: 0.012522 | O1040: 0.027366 | P1040: 0.021716 | Q1040: 0.023172 | R1040: -0.001403 | S1040: 0.022468 | T1040: 0.031625 | U1040: 0.024578 | V1040: 0.010735 | W1040: 0.027774 | X1040: 0.02897 | Y1040: 0.052539 | Z1040: 0.032694 | AA1040: 0.037845 | AB1040: 0.051906
B1041: 2018 | C1041: 8 | D1041: 0.043489 | E1041: 0.082051 | F1041: 0.028037 | G1041: 0.017322 | H1041: 0.029406 | I1041: 0.074293 | J1041: 0.049428 | K1041: 0.037727 | L1041: 0.025253 | M1041: 0.028266 | N1041: 0.06532 | O1041: 0.052224 | P1041: 0.023876 | Q1041: 0.026479 | R1041: 0.042534 | S1041: 0.073488 | T1041: 0.033146 | U1041: -0.009985 | V1041: 0.010725 | W1041: -0.008694 | X1041: 0.060987 | Y1041: 0.020061 | Z1041: 0.025328 | AA1041: 0.002816 | AB1041: 0.011627

Sheet ff_factors_desc
A1: NAME | B1: LABEL
A2: date
A3: hml | B3: High-Minus-Low Return
A4: mktrf | B4: Excess Return on the Market
A5: month | B5: Month
A6: rf | B6: Risk-Free Return Rate (One Month Treasury Bill Rate)
A7: smb | B7: Small-Minus-Big Return
A8: year | B8: Year

Sheet ff_portfolios25_desc
A1: NAME | B1: LABEL
A2: date
A3: month
A4: s1b1_vwret | B4: Value-Weighted Return for the size 1 ME 1 BM Portfolio
A5: s1b2_vwret | B5: Value-Weighted Return for the size 1 ME 2 BM Portfolio
A6: s1b3_vwret | B6: Value-Weighted Return for the size 1 ME 3 BM Portfolio
A7: s1b4_vwret | B7: Value-Weighted Return for the size 1 ME 4 BM Portfolio
A8: s1b5_vwret | B8: Value-Weighted Return for the size 1 ME 5 BM Portfolio
A9: s2b1_vwret | B9: Value-Weighted Return for the size 2 ME 1 BM Portfolio
A10: s2b2_vwret | B10: Value-Weighted Return for the size 2 ME 2 BM Portfolio
A11: s2b3_vwret | B11: Value-Weighted Return for the size 2 ME 3 BM Portfolio
A12: s2b4_vwret | B12: Value-Weighted Return for the size 2 ME 4 BM Portfolio
A13: s2b5_vwret | B13: Value-Weighted Return for the size 2 ME 5 BM Portfolio
A14: s3b1_vwret | B14: Value-Weighted Return for the size 3 ME 1 BM Portfolio
A15: s3b2_vwret | B15: Value-Weighted Return for the size 3 ME 2 BM Portfolio
... A28: s5b5_vwret | B28: Value-Weighted Return for the size 5 ME 5 BM Portfolio
A29: year
