Workbook

Sheet Sheet1
B5: Market indexes | F5: EQUITIES
A6: Date | B6: Market: World | C6: Market: US | D6: T-bills | E6: Inflation | F6: TOYOTA | G6: GM | H6: BMW | I6: FORD | J6: CHRYSLER | K6: APPLE | L6: IBM | M6: COMPAQ | N6: HP | O6: BUSCH | P6: HEINEKEN | Q6: KIRIN | R6: MOLSON | T6: P1 | U6: P2 | V6: P3 | W6: P4
A7: 31078 | B7: 5.5751114 | C7: 9.2375089 | D7: 0.6474 | E7: 0.1902 | F7: 7.7613105 | G7: 6.0850112 | H7: -0.90477268 | I7: 7.9176201 | J7: 3.9558418 | K7: -0.25884383 | L7: 10.744147 | M7: 22.483221 | N7: 10.706703 | O7: 2.583423 | P7: 6.1247853 | Q7: 1.2396694 | R7: 9.3793103 | T7: =AVERAGE(G7,L7) -> 8.4145792 | U7: =AVERAGE(G7,L7,O7) -> 6.4708605 | V7: =AVERAGE(G7,F7,L7,O7) -> 6.793473 | W7: =AVERAGE(F7:R7) -> 6.7551867
A8: 31106 | B8: 0.24601573 | C8: 0.97873447 | D8: 0.5781 | E8: 0.4113 | F8: -4.7050308 | G8: -2.8679882 | H8: -2.1684547 | I8: -8.4393554 | J8: 0.3539823 | K8: -14.532872 | L8: -0.90600227 | M8: 20 | N8: -1.3424658 | O8: 4.8793284 | P8: -5.9331176 | Q8: -1.6034985 | R8: -14.81715 | T8: =AVERAGE(G8,L8) -> -1.8869952 | U8: =AVERAGE(G8,L8,O8) -> 0.36844599 | V8: =AVERAGE(G8,F8,L8,O8) -> -0.8999232 | W8: =AVERAGE(F8:R8) -> -2.4678942
A9: 31135 | B9: 3.5226845 | C9: -0.18944883 | D9: 0.616 | E9: 0.4411 | F9: 0.056969237 | G9: -8.1632653 | H9: 7.4195054 | I9: -5.0486336 | J9: 5.2910053 | K9: -10.425101 | L9: -5.2571429 | M9: -16.666667 | N9: -7.9422383 | O9: 3.2516258 | P9: 10.837156 | Q9: 11.051852 | R9: 3.626943 | T9: =AVERAGE(G9,L9) -> -6.7102041 | U9: =AVERAGE(G9,L9,O9) -> -3.3895941 | V9: =AVERAGE(G9,F9,L9,O9) -> -2.5279533 | W9: =AVERAGE(F9:R9) -> -0.92061472
A10: 31167 | B10: -0.2240643 | C10: -0.37692833 | D10: 0.7162 | E10: 0.4078 | F10: 2.5811349 | G10: -7.3758865 | H10: -5.2997394 | I10: -2.1463415 | J10: -0.33500838 | K10: -3.8418079 | L10: -0.36188179 | M10: 10.821918 | N10: -6.6365008 | O10: 3.7306202 | P10: -2.4831868 | Q10: 5.8164354 | R10: -0.85714286 | T10: =AVERAGE(G10,L10) -> -3.8688842 | U10: =AVERAGE(G10,L10,O10) -> -1.3357161 | V10: =AVERAGE(G10,F10,L10,O10) -> -0.3565033 | W10: =AVERAGE(F10:R10) -> -0.4913375
A11: 31198 | B11: 5.1898012 | C11: 5.1533928 | D11: 0.6634 | E11: 0.3749 | F11: -6.0314524 | G11: 7.8101072 | H11: 8.8073394 | I11: 6.3808574 | J11: 2.5210084 | K11: -17.978848 | L11: 2.5423729 | M11: -2.7194067 | N11: 4.7495961 | O11: 8.9677721 | P11: -1.4323607 | Q11: 15.859808 | R11: 9.5100865 | T11: =AVERAGE(G11,L11) -> 5.17624 | U11: =AVERAGE(G11,L11,O11) -> 6.440084 | V11: =AVERAGE(G11,F11,L11,O11) -> 3.3221999 | W11: =AVERAGE(F11:R11) -> 2.9989908
A12: 31226 | B12: 1.8322312 | C12: 1.51932 | D12: 0.5546 | E12: 0.31 | F12: 9.1553455 | G12: 0.52083333 | H12: 16.041315 | I12: 3.7488285 | J12: 3.1147541 | K12: 3.7249284 | L12: -3.7780401 | M12: 12.833545 | N12: 5.4287477 | O12: 6.0008573 | P12: -0.10764263 | Q12: -4.6137106 | R12: -4.3421053 | T12: =AVERAGE(G12,L12) -> -1.6286034 | U12: =AVERAGE(G12,L12,O12) -> 0.91455015 | V12: =AVERAGE(G12,F12,L12,O12) -> 2.974749 | W12: =AVERAGE(F12:R12) -> 3.6713582
A13: 31259 | B13: 2.1110592 | C13: -0.24572261 | D13: 0.6246 | E13: 0.1551 | F13: -4.9242424 | G13: -1.6957136 | H13: -2.7792916 | I13: 0.27100271 | J13: -0.7154213 | K13: -11.60221 | L13: 6.1758691 | M13: 13.851351 | N13: 8.221182 | O13: -0.80873433 | P13: 12.284483 | Q13: 0.06844627 | R13: 1.9257221 | T13: =AVERAGE(G13,L13) -> 2.2400778 | U13: =AVERAGE(G13,L13,O13) -> 1.2238071 | V13: =AVERAGE(G13,F13,L13,O13) -> -0.31320531 | W13: =AVERAGE(F13:R13) -> 1.5594187
A14: 31289 | B14: 0.86578952 | C14: -1.0076128 | D14: 0.5502 | E14: 0.2169 | F14: 1.3849364 | G14: -3.0666028 | H14: 20.366218 | I14: -1.4414414 | J14: 2.4819856 | K14: -5.15625 | L14: -2.8120185 | M14: 1.0880317 | N14: -6.2719654 | O14: 1.4268243 | P14: -1.1036468 | Q14: 9.9179207 | R14: 5.8704453 | T14: =AVERAGE(G14,L14) -> -2.9393106 | U14: =AVERAGE(G14,L14,O14) -> -1.4839323 | V14: =AVERAGE(G14,F14,L14,O14) -> -0.76671513 | W14: =AVERAGE(F14:R14) -> 1.7449567
A15: 31320 | B15: 0.79271187 | C15: -4.1923097 | D15: 0.6049 | E15: 0.3091 | F15: 0.074850299 | G15: -0.54374691 | H15: 4.8897858 | I15: 0.59414991 | J15: -3.125 | K15: 5.2718287 | L15: -2.1403092 | M15: -16.438356 | N15: -8.3068936 | O15: 3.1350482 | P15: 15.186803 | Q15: 8.6081726 | R15: -0.44614404 | T15: =AVERAGE(G15,L15) -> -1.342028 | U15: =AVERAGE(G15,L15,O15) -> 0.15033072 | V15: =AVERAGE(G15,F15,L15,O15) -> 0.13146062 | W15: =AVERAGE(F15:R15) -> 0.52001447
A16: 31351 | B16: 5.4273264 | C16: 4.2079499 | D16: 0.6488 | E16: 0.3082 | F16: 13.070307 | G16: -0.39761431 | H16: 14.621874 | I16: 6.6787824 | J16: 11.209677 | K16: 18.466354 | L16: 4.8197651 | M16: 11.826698 | N16: -6.9204152 | O16: 12.977397 | P16: 12.384162 | Q16: 6.4171123 | R16: 9.9871959 | T16: =AVERAGE(G16,L16) -> 2.2110754 | U16: =AVERAGE(G16,L16,O16) -> 5.7998492 | V16: =AVERAGE(G16,F16,L16,O16) -> 7.6174635 | W16: =AVERAGE(F16:R16) -> 8.8570226
A17: 31380 | B17: 5.6325916 | C17: 6.5006462 | D17: 0.6082 | E17: 0.3379 | F17: 4.6634695 | G17: 7.0359281 | H17: 10.471272 | I17: 16.141397 | J17: 7.2516316 | K17: 8.322325 | L17: 8.5007728 | M17: 16.439791 | N17: 18.587361 | O17: -1.8282166 | P17: 23.875562 | Q17: 3.5893754 | R17: 6.4027939 | T17: =AVERAGE(G17,L17) -> 7.7683505 | U17: =AVERAGE(G17,L17,O17) -> 4.5694948 | V17: =AVERAGE(G17,F17,L17,O17) -> 4.5929885 | W17: =AVERAGE(F17:R17) -> 9.9579586
A18: 31412 | B18: 4.7217541 | C18: 4.2360068 | D18: 0.6504 | E18: 0.245 | F18: 6.66772 | G18: 3.1701632 | H18: 4.3361384 | I18: 7.4074074 | J18: 10.006761 | K18: 9.5121951 | L18: 11.253561 | M18: 7.1043165 | N18: 2.5933314 | O18: 16.936051 | P18: 11.739788 | Q18: 0.74497574 | R18: -8.4792123 | T18: =AVERAGE(G18,L18) -> 7.2118622 | U18: =AVERAGE(G18,L18,O18) -> 10.453258 | V18: =AVERAGE(G18,F18,L18,O18) -> 9.5068738 | W18: =AVERAGE(F18:R18) -> 6.3840921
... A162: 35795 | B162: 1.234394 | C162: 1.7037046 | D162: 0.48 | E162: -0.12 | F162: 0.047319678 | G162: 5.6615198 | H162: 0.18392384 | I162: 12.932985 | J162: 3.7230948 | K162: -26.038438 | L162: -4.4542033 | M162: -9.4602941 | N162: 2.2693173 | O162: 1.8812267 | P162: 2.8698326 | Q162: -3.3691959 | R162: -2.2361546 | T162: =AVERAGE(G162,L162) -> 0.60365828 | U162: =AVERAGE(G162,L162,O162) -> 1.0295144 | V162: =AVERAGE(G162,F162,L162,O162) -> 0.78396573 | W162: =AVERAGE(F162:R162) -> -1.2299281

Sheet Hoja1
A1: Portfolio | B1: Average RR | C1: Variance | D1: B vs World | E1: R2 | F1: Systematic R | G1: Idiosyncratic R
A2: P1 | B2: =AVERAGE(Sheet1!T7:T162) -> 0.95351297 | C2: =VAR(Sheet1!T7:T162) -> 40.723906 | D2: =SLOPE(Sheet1!T7:T162, Sheet1!B7:B162) -> 0.7574943 | E2: =RSQ(Sheet1!T7:T162, Sheet1!B7:B162) -> 0.24045547 | F2: =D2^2 * VAR(Sheet1!$B$7:$B$162) -> 9.7922859 | G2: =C2-F2 -> 30.93162
A3: P2 | B3: =AVERAGE(Sheet1!U7:U162) -> 1.18757 | C3: =VAR(Sheet1!U7:U162) -> 27.448231 | D3: =SLOPE(Sheet1!U7:U162, Sheet1!B7:B162) -> 0.71941782 | E3: =RSQ(Sheet1!U7:U162, Sheet1!B7:B162) -> 0.32179061 | F3: =D3^2 * VAR(Sheet1!$B$7:$B$162) -> 8.8325831 | G3: =C3-F3 -> 18.615648
A4: P3 | B4: =AVERAGE(Sheet1!V7:V162) -> 1.3177532 | C4: =VAR(Sheet1!V7:V162) -> 20.950738 | D4: =SLOPE(Sheet1!V7:V162, Sheet1!B7:B162) -> 0.77675605 | E4: =RSQ(Sheet1!V7:V162, Sheet1!B7:B162) -> 0.49146808 | F4: =D4^2 * VAR(Sheet1!$B$7:$B$162) -> 10.296619 | G4: =C4-F4 -> 10.654119
A5: P4 | B5: =AVERAGE(Sheet1!W7:W162) -> 1.684469 | C5: =VAR(Sheet1!W7:W162) -> 25.023202 | D5: =SLOPE(Sheet1!W7:W162, Sheet1!B7:B162) -> 0.92852729 | E5: =RSQ(Sheet1!W7:W162, Sheet1!B7:B162) -> 0.58799252 | F5: =D5^2 * VAR(Sheet1!$B$7:$B$162) -> 14.713456 | G5: =C5-F5 -> 10.309747
